{
  "hash": "b7f43f90",
  "configHash": "f1216d44",
  "lockfileHash": "85dfb307",
  "browserHash": "6adac0e9",
  "optimized": {
    "@angular/core": {
      "src": "../../../../../node_modules/@angular/core/fesm2022/core.mjs",
      "file": "@angular_core.js",
      "fileHash": "52713354",
      "needsInterop": false
    },
    "@angular/platform-browser": {
      "src": "../../../../../node_modules/@angular/platform-browser/fesm2022/platform-browser.mjs",
      "file": "@angular_platform-browser.js",
      "fileHash": "c4a0e4a5",
      "needsInterop": false
    },
    "@angular/router": {
      "src": "../../../../../node_modules/@angular/router/fesm2022/router.mjs",
      "file": "@angular_router.js",
      "fileHash": "a01aa3d0",
      "needsInterop": false
    },
    "@angular/forms": {
      "src": "../../../../../node_modules/@angular/forms/fesm2022/forms.mjs",
      "file": "@angular_forms.js",
      "fileHash": "c9eeb0cb",
      "needsInterop": false
    },
    "@angular/common": {
      "src": "../../../../../node_modules/@angular/common/fesm2022/common.mjs",
      "file": "@angular_common.js",
      "fileHash": "d1f25cb5",
      "needsInterop": false
    },
    "@angular/common/http": {
      "src": "../../../../../node_modules/@angular/common/fesm2022/http.mjs",
      "file": "@angular_common_http.js",
      "fileHash": "6900b1de",
      "needsInterop": false
    },
    "rxjs": {
      "src": "../../../../../node_modules/rxjs/dist/esm5/index.js",
      "file": "rxjs.js",
      "fileHash": "c3ee8898",
      "needsInterop": false
    }
  },
  "chunks": {
    "chunk-BOZVD2LY": {
      "file": "chunk-BOZVD2LY.js"
    },
    "chunk-IIS5MTAO": {
      "file": "chunk-IIS5MTAO.js"
    },
    "chunk-CIUBZV5W": {
      "file": "chunk-CIUBZV5W.js"
    },
    "chunk-5K2TKP3A": {
      "file": "chunk-5K2TKP3A.js"
    },
    "chunk-SXIXOCJ4": {
      "file": "chunk-SXIXOCJ4.js"
    }
  }
}