{
  "hash": "bb3fae0f",
  "configHash": "b2239558",
  "lockfileHash": "65205065",
  "browserHash": "8d3da2aa",
  "optimized": {
    "@angular/core": {
      "src": "../../../../../node_modules/@angular/core/fesm2022/core.mjs",
      "file": "@angular_core.js",
      "fileHash": "9ff5d717",
      "needsInterop": false
    },
    "@angular/platform-browser": {
      "src": "../../../../../node_modules/@angular/platform-browser/fesm2022/platform-browser.mjs",
      "file": "@angular_platform-browser.js",
      "fileHash": "d1a78afd",
      "needsInterop": false
    },
    "@angular/router": {
      "src": "../../../../../node_modules/@angular/router/fesm2022/router.mjs",
      "file": "@angular_router.js",
      "fileHash": "57fcf127",
      "needsInterop": false
    },
    "@angular/forms": {
      "src": "../../../../../node_modules/@angular/forms/fesm2022/forms.mjs",
      "file": "@angular_forms.js",
      "fileHash": "37a553c5",
      "needsInterop": false
    }
  },
  "chunks": {
    "chunk-INA2HKKY": {
      "file": "chunk-INA2HKKY.js"
    },
    "chunk-GG4C3PBI": {
      "file": "chunk-GG4C3PBI.js"
    },
    "chunk-GB6YPK24": {
      "file": "chunk-GB6YPK24.js"
    }
  }
}