{
  "hash": "854481db",
  "configHash": "320094ec",
  "lockfileHash": "f90f846e",
  "browserHash": "3f804446",
  "optimized": {
    "@angular/common": {
      "src": "../../../../../node_modules/@angular/common/fesm2022/common.mjs",
      "file": "@angular_common.js",
      "fileHash": "b9fef332",
      "needsInterop": false
    },
    "@angular/core": {
      "src": "../../../../../node_modules/@angular/core/fesm2022/core.mjs",
      "file": "@angular_core.js",
      "fileHash": "be34caaf",
      "needsInterop": false
    },
    "@angular/forms": {
      "src": "../../../../../node_modules/@angular/forms/fesm2022/forms.mjs",
      "file": "@angular_forms.js",
      "fileHash": "a5822094",
      "needsInterop": false
    },
    "@angular/platform-browser": {
      "src": "../../../../../node_modules/@angular/platform-browser/fesm2022/platform-browser.mjs",
      "file": "@angular_platform-browser.js",
      "fileHash": "9195a68a",
      "needsInterop": false
    },
    "@angular/router": {
      "src": "../../../../../node_modules/@angular/router/fesm2022/router.mjs",
      "file": "@angular_router.js",
      "fileHash": "85cc2bec",
      "needsInterop": false
    }
  },
  "chunks": {
    "chunk-S3ZSYQKU": {
      "file": "chunk-S3ZSYQKU.js"
    },
    "chunk-3JBROMOW": {
      "file": "chunk-3JBROMOW.js"
    },
    "chunk-GB6YPK24": {
      "file": "chunk-GB6YPK24.js"
    }
  }
}